<application>
  <component name="DefaultFont">
    <option name="FONT_REGULAR_SUB_FAMILY" value="Regular" />
    <option name="FONT_BOLD_SUB_FAMILY" value="Bold" />
  </component>
  <component name="EditorSettings">
    <option name="USE_SOFT_WRAPS" value="CONSOLE" />
    <option name="SOFT_WRAP_FILE_MASKS" value="*.go" />
    <option name="IS_ALL_SOFTWRAPS_SHOWN" value="true" />
    <option name="IS_INDENT_GUIDES_SHOWN" value="false" />
  </component>
  <component name="InlayHintsSettings">
    <option name="lastViewedProviderKeyId" value="KotlinReferencesTypeHintsProvider" />
    <settingsMapElement>
      <kotlin.KotlinReferencesTypeHintsProvider>
        <Settings>
          <option name="functionReturnType" value="true" />
          <option name="localVariableType" value="true" />
          <option name="parameterType" value="true" />
          <option name="propertyType" value="true" />
        </Settings>
      </kotlin.KotlinReferencesTypeHintsProvider>
    </settingsMapElement>
  </component>
</application>