<application>
  <component name="FileTypeManager" version="18">
    <extensionMap>
      <mapping pattern="KillSyncthingProcess" type="AUTO_DETECTED" />
      <mapping pattern="pikaqiu1" type="AUTO_DETECTED" />
      <mapping pattern="config-catalog" type="AUTO_DETECTED" />
      <mapping pattern="sync_for_test" type="AUTO_DETECTED" />
      <mapping pattern="syncthing_macos_amd64" type="AUTO_DETECTED" />
      <mapping pattern="bbb" type="AUTO_DETECTED" />
      <mapping pattern="syncthing_linux_amd64" type="AUTO_DETECTED" />
      <mapping pattern="dir_mapping" type="AUTO_DETECTED" />
      <mapping pattern="zzz" type="AUTO_DETECTED" />
      <mapping pattern="configuration-way" type="AUTO_DETECTED" />
      <mapping pattern="Deployment" type="AUTO_DETECTED" />
      <mapping pattern="zzzzzzz111" type="AUTO_DETECTED" />
      <mapping pattern="LICENSE" type="AUTO_DETECTED" />
      <mapping pattern="productpage" type="AUTO_DETECTED" />
      <mapping pattern="asdfasdf" type="AUTO_DETECTED" />
      <mapping pattern="syncthing_macos_arm64" type="AUTO_DETECTED" />
      <mapping pattern="pikaqiu" type="AUTO_DETECTED" />
      <mapping pattern="syncthing_windows_amd64" type="AUTO_DETECTED" />
      <mapping pattern="syncthing_linux_arm64" type="AUTO_DETECTED" />
      <mapping pattern="ArmDockerFile" type="DTD" />
      <mapping ext="space.kts" type="Kotlin" />
      <mapping ext="gradle.kts" type="Kotlin" />
      <mapping ext="main.kts" type="Kotlin" />
      <mapping pattern="Deployment Duplicate and Duplicate" type="PLAIN_TEXT" />
      <mapping pattern="test!Ig" type="PLAIN_TEXT" />
      <mapping pattern="Deployment Duplicate" type="PLAIN_TEXT" />
      <mapping pattern="nocalhost-web-configuration" type="PLAIN_TEXT" />
      <mapping pattern="patcher" type="PLAIN_TEXT" />
      <mapping pattern="Deployment Replace and Duplicate" type="PLAIN_TEXT" />
      <mapping pattern="kubernetes-deployment" type="PLAIN_TEXT" />
      <mapping pattern="RELEASE" type="PLAIN_TEXT" />
      <mapping pattern="StatefulSet Duplicate" type="PLAIN_TEXT" />
      <mapping pattern="codedog-config" type="PLAIN_TEXT" />
      <mapping pattern="ArmDockerfile" type="PLAIN_TEXT" />
      <mapping pattern="seceat" type="PLAIN_TEXT" />
      <mapping pattern=".syncthing" type="PLAIN_TEXT" />
      <mapping ext="lock1" type="PLAIN_TEXT" />
      <mapping ext="test" type="PLAIN_TEXT" />
      <mapping ext="pid" type="PLAIN_TEXT" />
      <mapping ext="readme" type="PLAIN_TEXT" />
      <mapping ext="lock" type="PLAIN_TEXT" />
      <mapping ext="mo" type="PLAIN_TEXT" />
      <mapping ext="tmpl" type="PLAIN_TEXT" />
      <mapping ext="ini" type="PLAIN_TEXT" />
      <mapping pattern="base-resource-path" type="YAML" />
      <removed_mapping ext="env" approved="true" type="PLAIN_TEXT" />
      <removed_mapping ext="ignore" approved="true" type="IgnoreLang file" />
    </extensionMap>
  </component>
</application>