<application>
  <component name="GoSdkList">
    <sdk-url>
      <set>
        <option value="" />
        <option value="file://$USER_HOME$/sdk/go1.15.5" />
        <option value="file:///usr/local/Cellar/go/1.16.3/libexec" />
        <option value="file:///usr/local/Cellar/go/1.16.4/libexec" />
        <option value="file:///usr/local/Cellar/go/1.16.5/libexec" />
        <option value="file:///usr/local/Cellar/go/1.17/libexec" />
        <option value="file:///usr/local/Cellar/go@1.16/1.16.7/libexec" />
      </set>
    </sdk-url>
  </component>
</application>