<keymap version="1" name="IntelliJ IDEA Classic copy" parent="Mac OS X">
  <action id="ActivateTerminalToolWindow">
    <keyboard-shortcut first-keystroke="alt f12" />
    <keyboard-shortcut first-keystroke="meta t" />
  </action>
  <action id="CheckinProject">
    <keyboard-shortcut first-keystroke="meta k" />
    <keyboard-shortcut first-keystroke="shift meta l" />
  </action>
  <action id="CloseContent">
    <keyboard-shortcut first-keystroke="meta f4" />
    <keyboard-shortcut first-keystroke="meta w" />
  </action>
  <action id="CodeCompletion">
    <keyboard-shortcut first-keystroke="ctrl space" />
    <keyboard-shortcut first-keystroke="ctrl slash" />
  </action>
  <action id="EditorDuplicate">
    <keyboard-shortcut first-keystroke="meta d" />
    <keyboard-shortcut first-keystroke="ctrl meta down" />
  </action>
  <action id="EditorSelectWord" />
  <action id="EditorToggleCase">
    <keyboard-shortcut first-keystroke="shift meta u" />
    <keyboard-shortcut first-keystroke="shift ctrl u" />
  </action>
  <action id="FindUsages">
    <keyboard-shortcut first-keystroke="alt f7" />
    <keyboard-shortcut first-keystroke="alt g" />
  </action>
  <action id="NewScratchFile" />
  <action id="SmartSelect" />
  <action id="TableResult.GrowSelection" />
  <action id="Vcs.UpdateProject" />
</keymap>